id,CAS_001_RAW,CAS_002_RAW,CAS_003_RAW,CAS_004_RAW,CAS_005_RAW,CAS_006_RAW,CAS_007_RAW,CAS_001_DIR,CAS_002_DIR,CAS_003_DIR,CAS_004_DIR,CAS_005_DIR,CAS_006_DIR,CAS_007_DIR,CAS_RAW_NA,CAS_DIR_NA,CAS_DIRt
082yon1f8s,3 Me sucede mucho,3 Me sucede mucho,1 Casi nunca me sucede,2 A veces me sucede,2 A veces me sucede,2 A veces me sucede,2 A veces me sucede,3,3,1,2,2,2,2,0,0,15
198ffmz813,0 No me sucede,1 Casi nunca me sucede,2 A veces me sucede,0 No me sucede,2 A veces me sucede,2 A veces me sucede,3 Me sucede mucho,0,1,2,0,2,2,3,0,0,10
1cz3j0oygl,1 Casi nunca me sucede,1 Casi nunca me sucede,0 No me sucede,2 A veces me sucede,2 A veces me sucede,0 No me sucede,0 No me sucede,1,1,0,2,2,0,0,0,0,6
1geph65310,3 Me sucede mucho,1 Casi nunca me sucede,2 A veces me sucede,2 A veces me sucede,1 Casi nunca me sucede,2 A veces me sucede,0 No me sucede,3,1,2,2,1,2,0,0,0,11
1ql026p3y1,1 Casi nunca me sucede,1 Casi nunca me sucede,2 A veces me sucede,2 A veces me sucede,3 Me sucede mucho,1 Casi nunca me sucede,3 Me sucede mucho,1,1,2,2,3,1,3,0,0,13
1zft2e3qp3,2 A veces me sucede,3 Me sucede mucho,1 Casi nunca me sucede,3 Me sucede mucho,2 A veces me sucede,3 Me sucede mucho,0 No me sucede,2,3,1,3,2,3,0,0,0,14
1zzo6hstkp,0 No me sucede,0 No me sucede,1 Casi nunca me sucede,3 Me sucede mucho,2 A veces me sucede,3 Me sucede mucho,0 No me sucede,0,0,1,3,2,3,0,0,0,9
22eggg60y0,3 Me sucede mucho,0 No me sucede,0 No me sucede,3 Me sucede mucho,2 A veces me sucede,3 Me sucede mucho,3 Me sucede mucho,3,0,0,3,2,3,3,0,0,14
22j8z6m295,1 Casi nunca me sucede,0 No me sucede,2 A veces me sucede,2 A veces me sucede,0 No me sucede,3 Me sucede mucho,1 Casi nunca me sucede,1,0,2,2,0,3,1,0,0,9
2bnosnpjg1,3 Me sucede mucho,0 No me sucede,3 Me sucede mucho,0 No me sucede,3 Me sucede mucho,2 A veces me sucede,2 A veces me sucede,3,0,3,0,3,2,2,0,0,13
2bx6a27wgy,2 A veces me sucede,2 A veces me sucede,2 A veces me sucede,0 No me sucede,2 A veces me sucede,0 No me sucede,1 Casi nunca me sucede,2,2,2,0,2,0,1,0,0,9
2kjksz3dk6,1 Casi nunca me sucede,0 No me sucede,1 Casi nunca me sucede,0 No me sucede,2 A veces me sucede,1 Casi nunca me sucede,2 A veces me sucede,1,0,1,0,2,1,2,0,0,7
2mywdvql6d,3 Me sucede mucho,2 A veces me sucede,1 Casi nunca me sucede,3 Me sucede mucho,1 Casi nunca me sucede,3 Me sucede mucho,0 No me sucede,3,2,1,3,1,3,0,0,0,13
30jdzb9h5k,0 No me sucede,1 Casi nunca me sucede,2 A veces me sucede,0 No me sucede,1 Casi nunca me sucede,0 No me sucede,0 No me sucede,0,1,2,0,1,0,0,0,0,4
33cfoos1cj,1 Casi nunca me sucede,0 No me sucede,0 No me sucede,0 No me sucede,3 Me sucede mucho,0 No me sucede,1 Casi nunca me sucede,1,0,0,0,3,0,1,0,0,5
34g5faf8dk,0 No me sucede,0 No me sucede,3 Me sucede mucho,2 A veces me sucede,3 Me sucede mucho,0 No me sucede,1 Casi nunca me sucede,0,0,3,2,3,0,1,0,0,9
3hcye28j4f,2 A veces me sucede,2 A veces me sucede,3 Me sucede mucho,0 No me sucede,2 A veces me sucede,1 Casi nunca me sucede,2 A veces me sucede,2,2,3,0,2,1,2,0,0,12
3kgh8q2chr,3 Me sucede mucho,0 No me sucede,3 Me sucede mucho,1 Casi nunca me sucede,3 Me sucede mucho,0 No me sucede,2 A veces me sucede,3,0,3,1,3,0,2,0,0,12
3l1rjzr1fa,0 No me sucede,0 No me sucede,0 No me sucede,0 No me sucede,0 No me sucede,3 Me sucede mucho,1 Casi nunca me sucede,0,0,0,0,0,3,1,0,0,4
3ncvz1y8n3,0 No me sucede,1 Casi nunca me sucede,2 A veces me sucede,3 Me sucede mucho,2 A veces me sucede,3 Me sucede mucho,0 No me sucede,0,1,2,3,2,3,0,0,0,11
3xbk959gyo,0 No me sucede,1 Casi nunca me sucede,0 No me sucede,3 Me sucede mucho,3 Me sucede mucho,0 No me sucede,2 A veces me sucede,0,1,0,3,3,0,2,0,0,9
4213z28ad7,0 No me sucede,3 Me sucede mucho,0 No me sucede,2 A veces me sucede,1 Casi nunca me sucede,1 Casi nunca me sucede,3 Me sucede mucho,0,3,0,2,1,1,3,0,0,10
4fqkay53v1,3 Me sucede mucho,0 No me sucede,3 Me sucede mucho,3 Me sucede mucho,3 Me sucede mucho,1 Casi nunca me sucede,2 A veces me sucede,3,0,3,3,3,1,2,0,0,15
4j7j7cqxla,1 Casi nunca me sucede,1 Casi nunca me sucede,1 Casi nunca me sucede,0 No me sucede,0 No me sucede,2 A veces me sucede,0 No me sucede,1,1,1,0,0,2,0,0,0,5
4lyok1kabv,2 A veces me sucede,2 A veces me sucede,0 No me sucede,2 A veces me sucede,2 A veces me sucede,2 A veces me sucede,0 No me sucede,2,2,0,2,2,2,0,0,0,10
4scghjtvfc,2 A veces me sucede,0 No me sucede,1 Casi nunca me sucede,0 No me sucede,0 No me sucede,1 Casi nunca me sucede,3 Me sucede mucho,2,0,1,0,0,1,3,0,0,7
4upg4vr5tz,0 No me sucede,2 A veces me sucede,0 No me sucede,0 No me sucede,2 A veces me sucede,0 No me sucede,1 Casi nunca me sucede,0,2,0,0,2,0,1,0,0,5
4xyj6fx8w9,3 Me sucede mucho,0 No me sucede,3 Me sucede mucho,2 A veces me sucede,1 Casi nunca me sucede,3 Me sucede mucho,2 A veces me sucede,3,0,3,2,1,3,2,0,0,14
5hy23ac493,3 Me sucede mucho,2 A veces me sucede,0 No me sucede,3 Me sucede mucho,0 No me sucede,1 Casi nunca me sucede,0 No me sucede,3,2,0,3,0,1,0,0,0,9
5jwndyfo63,2 A veces me sucede,0 No me sucede,1 Casi nunca me sucede,2 A veces me sucede,3 Me sucede mucho,3 Me sucede mucho,1 Casi nunca me sucede,2,0,1,2,3,3,1,0,0,12
5lh5jn8ogo,1 Casi nunca me sucede,2 A veces me sucede,1 Casi nunca me sucede,2 A veces me sucede,2 A veces me sucede,2 A veces me sucede,2 A veces me sucede,1,2,1,2,2,2,2,0,0,12
5pq1892xr2,1 Casi nunca me sucede,1 Casi nunca me sucede,3 Me sucede mucho,1 Casi nunca me sucede,0 No me sucede,3 Me sucede mucho,3 Me sucede mucho,1,1,3,1,0,3,3,0,0,12
5ze99wwyzg,0 No me sucede,2 A veces me sucede,0 No me sucede,1 Casi nunca me sucede,3 Me sucede mucho,3 Me sucede mucho,1 Casi nunca me sucede,0,2,0,1,3,3,1,0,0,10
721nldl3hk,1 Casi nunca me sucede,1 Casi nunca me sucede,3 Me sucede mucho,0 No me sucede,3 Me sucede mucho,0 No me sucede,2 A veces me sucede,1,1,3,0,3,0,2,0,0,10
7b3vrfl7yx,2 A veces me sucede,2 A veces me sucede,2 A veces me sucede,2 A veces me sucede,0 No me sucede,1 Casi nunca me sucede,1 Casi nunca me sucede,2,2,2,2,0,1,1,0,0,10
7dsu96rh9s,0 No me sucede,3 Me sucede mucho,0 No me sucede,2 A veces me sucede,3 Me sucede mucho,0 No me sucede,0 No me sucede,0,3,0,2,3,0,0,0,0,8
7mr0sg6y83,0 No me sucede,0 No me sucede,0 No me sucede,2 A veces me sucede,3 Me sucede mucho,3 Me sucede mucho,3 Me sucede mucho,0,0,0,2,3,3,3,0,0,11
7pbuln5m01,0 No me sucede,1 Casi nunca me sucede,3 Me sucede mucho,0 No me sucede,1 Casi nunca me sucede,1 Casi nunca me sucede,2 A veces me sucede,0,1,3,0,1,1,2,0,0,8
7vxgxt0rc5,2 A veces me sucede,3 Me sucede mucho,1 Casi nunca me sucede,3 Me sucede mucho,2 A veces me sucede,0 No me sucede,1 Casi nunca me sucede,2,3,1,3,2,0,1,0,0,12
7z8bcdbqgl,3 Me sucede mucho,0 No me sucede,0 No me sucede,2 A veces me sucede,3 Me sucede mucho,2 A veces me sucede,3 Me sucede mucho,3,0,0,2,3,2,3,0,0,13
8evkdzrlyq,0 No me sucede,2 A veces me sucede,3 Me sucede mucho,1 Casi nunca me sucede,1 Casi nunca me sucede,2 A veces me sucede,0 No me sucede,0,2,3,1,1,2,0,0,0,9
8g2ukdmqya,1 Casi nunca me sucede,1 Casi nunca me sucede,2 A veces me sucede,0 No me sucede,0 No me sucede,2 A veces me sucede,3 Me sucede mucho,1,1,2,0,0,2,3,0,0,9
8khkqwrctk,3 Me sucede mucho,2 A veces me sucede,0 No me sucede,2 A veces me sucede,1 Casi nunca me sucede,0 No me sucede,2 A veces me sucede,3,2,0,2,1,0,2,0,0,10
8vmbbnagsa,3 Me sucede mucho,0 No me sucede,1 Casi nunca me sucede,0 No me sucede,1 Casi nunca me sucede,2 A veces me sucede,0 No me sucede,3,0,1,0,1,2,0,0,0,7
90kkx9ja4q,3 Me sucede mucho,1 Casi nunca me sucede,0 No me sucede,1 Casi nunca me sucede,1 Casi nunca me sucede,1 Casi nunca me sucede,3 Me sucede mucho,3,1,0,1,1,1,3,0,0,10
92vkkqc5mv,3 Me sucede mucho,0 No me sucede,3 Me sucede mucho,0 No me sucede,2 A veces me sucede,2 A veces me sucede,3 Me sucede mucho,3,0,3,0,2,2,3,0,0,13
96zsxy7sba,1 Casi nunca me sucede,2 A veces me sucede,0 No me sucede,0 No me sucede,0 No me sucede,0 No me sucede,0 No me sucede,1,2,0,0,0,0,0,0,0,3
9k2579rrx7,2 A veces me sucede,2 A veces me sucede,1 Casi nunca me sucede,3 Me sucede mucho,1 Casi nunca me sucede,3 Me sucede mucho,0 No me sucede,2,2,1,3,1,3,0,0,0,12
9vs3bc7s4y,1 Casi nunca me sucede,2 A veces me sucede,2 A veces me sucede,0 No me sucede,3 Me sucede mucho,3 Me sucede mucho,1 Casi nunca me sucede,1,2,2,0,3,3,1,0,0,12
aa8r46b3ux,1 Casi nunca me sucede,0 No me sucede,3 Me sucede mucho,2 A veces me sucede,1 Casi nunca me sucede,2 A veces me sucede,2 A veces me sucede,1,0,3,2,1,2,2,0,0,11
ag8zd67dhr,1 Casi nunca me sucede,2 A veces me sucede,2 A veces me sucede,3 Me sucede mucho,2 A veces me sucede,0 No me sucede,2 A veces me sucede,1,2,2,3,2,0,2,0,0,12
ah7t5bzpf3,1 Casi nunca me sucede,2 A veces me sucede,1 Casi nunca me sucede,2 A veces me sucede,1 Casi nunca me sucede,3 Me sucede mucho,1 Casi nunca me sucede,1,2,1,2,1,3,1,0,0,11
aophl7k2k6,2 A veces me sucede,3 Me sucede mucho,0 No me sucede,3 Me sucede mucho,1 Casi nunca me sucede,3 Me sucede mucho,2 A veces me sucede,2,3,0,3,1,3,2,0,0,14
b7f4hnqpg2,2 A veces me sucede,0 No me sucede,1 Casi nunca me sucede,3 Me sucede mucho,1 Casi nunca me sucede,3 Me sucede mucho,3 Me sucede mucho,2,0,1,3,1,3,3,0,0,13
bale3xl06k,1 Casi nunca me sucede,1 Casi nunca me sucede,2 A veces me sucede,2 A veces me sucede,0 No me sucede,2 A veces me sucede,1 Casi nunca me sucede,1,1,2,2,0,2,1,0,0,9
brjht9nmu9,0 No me sucede,1 Casi nunca me sucede,0 No me sucede,1 Casi nunca me sucede,3 Me sucede mucho,3 Me sucede mucho,3 Me sucede mucho,0,1,0,1,3,3,3,0,0,11
bwt12n9qj9,3 Me sucede mucho,3 Me sucede mucho,2 A veces me sucede,2 A veces me sucede,1 Casi nunca me sucede,0 No me sucede,2 A veces me sucede,3,3,2,2,1,0,2,0,0,13
by7v8bl7of,0 No me sucede,0 No me sucede,1 Casi nunca me sucede,2 A veces me sucede,2 A veces me sucede,2 A veces me sucede,3 Me sucede mucho,0,0,1,2,2,2,3,0,0,10
c5el7ygpwu,0 No me sucede,0 No me sucede,0 No me sucede,2 A veces me sucede,0 No me sucede,1 Casi nunca me sucede,0 No me sucede,0,0,0,2,0,1,0,0,0,3
c7fryfrpnh,1 Casi nunca me sucede,1 Casi nunca me sucede,1 Casi nunca me sucede,0 No me sucede,2 A veces me sucede,1 Casi nunca me sucede,1 Casi nunca me sucede,1,1,1,0,2,1,1,0,0,7
c7ws8fexjx,0 No me sucede,1 Casi nunca me sucede,1 Casi nunca me sucede,2 A veces me sucede,0 No me sucede,0 No me sucede,1 Casi nunca me sucede,0,1,1,2,0,0,1,0,0,5
c8rjnz79uk,3 Me sucede mucho,0 No me sucede,2 A veces me sucede,2 A veces me sucede,1 Casi nunca me sucede,1 Casi nunca me sucede,3 Me sucede mucho,3,0,2,2,1,1,3,0,0,12
chylxjtm09,1 Casi nunca me sucede,3 Me sucede mucho,2 A veces me sucede,3 Me sucede mucho,1 Casi nunca me sucede,3 Me sucede mucho,0 No me sucede,1,3,2,3,1,3,0,0,0,13
cj35eze74r,1 Casi nunca me sucede,1 Casi nunca me sucede,0 No me sucede,2 A veces me sucede,2 A veces me sucede,2 A veces me sucede,0 No me sucede,1,1,0,2,2,2,0,0,0,8
cuvccwkcqj,3 Me sucede mucho,2 A veces me sucede,3 Me sucede mucho,1 Casi nunca me sucede,0 No me sucede,0 No me sucede,3 Me sucede mucho,3,2,3,1,0,0,3,0,0,12
d3gr4hqn2z,1 Casi nunca me sucede,1 Casi nunca me sucede,2 A veces me sucede,3 Me sucede mucho,1 Casi nunca me sucede,1 Casi nunca me sucede,1 Casi nunca me sucede,1,1,2,3,1,1,1,0,0,10
d4qoclrg90,0 No me sucede,0 No me sucede,0 No me sucede,0 No me sucede,1 Casi nunca me sucede,1 Casi nunca me sucede,3 Me sucede mucho,0,0,0,0,1,1,3,0,0,5
dbq0df9rfa,0 No me sucede,0 No me sucede,3 Me sucede mucho,3 Me sucede mucho,0 No me sucede,1 Casi nunca me sucede,2 A veces me sucede,0,0,3,3,0,1,2,0,0,9
dmlwcyjwfw,2 A veces me sucede,1 Casi nunca me sucede,1 Casi nunca me sucede,3 Me sucede mucho,0 No me sucede,3 Me sucede mucho,0 No me sucede,2,1,1,3,0,3,0,0,0,10
dtpgk4je3a,2 A veces me sucede,1 Casi nunca me sucede,3 Me sucede mucho,2 A veces me sucede,3 Me sucede mucho,3 Me sucede mucho,1 Casi nunca me sucede,2,1,3,2,3,3,1,0,0,15
dygujm00v6,0 No me sucede,1 Casi nunca me sucede,0 No me sucede,0 No me sucede,3 Me sucede mucho,3 Me sucede mucho,0 No me sucede,0,1,0,0,3,3,0,0,0,7
e4jxvwy2w0,1 Casi nunca me sucede,1 Casi nunca me sucede,0 No me sucede,2 A veces me sucede,3 Me sucede mucho,2 A veces me sucede,1 Casi nunca me sucede,1,1,0,2,3,2,1,0,0,10
el7knnbhqc,0 No me sucede,0 No me sucede,1 Casi nunca me sucede,2 A veces me sucede,3 Me sucede mucho,0 No me sucede,1 Casi nunca me sucede,0,0,1,2,3,0,1,0,0,7
er00j5kzhv,1 Casi nunca me sucede,1 Casi nunca me sucede,3 Me sucede mucho,1 Casi nunca me sucede,2 A veces me sucede,1 Casi nunca me sucede,3 Me sucede mucho,1,1,3,1,2,1,3,0,0,12
f434fd4yec,0 No me sucede,2 A veces me sucede,3 Me sucede mucho,1 Casi nunca me sucede,2 A veces me sucede,3 Me sucede mucho,1 Casi nunca me sucede,0,2,3,1,2,3,1,0,0,12
fkw2jdm33r,1 Casi nunca me sucede,1 Casi nunca me sucede,0 No me sucede,1 Casi nunca me sucede,2 A veces me sucede,0 No me sucede,2 A veces me sucede,1,1,0,1,2,0,2,0,0,7
fp5c2zkmq4,0 No me sucede,0 No me sucede,3 Me sucede mucho,1 Casi nunca me sucede,2 A veces me sucede,1 Casi nunca me sucede,0 No me sucede,0,0,3,1,2,1,0,0,0,7
fu71sdtqp7,3 Me sucede mucho,3 Me sucede mucho,3 Me sucede mucho,0 No me sucede,0 No me sucede,1 Casi nunca me sucede,0 No me sucede,3,3,3,0,0,1,0,0,0,10
g4bda40oys,0 No me sucede,2 A veces me sucede,3 Me sucede mucho,0 No me sucede,3 Me sucede mucho,0 No me sucede,0 No me sucede,0,2,3,0,3,0,0,0,0,8
gfna40535s,1 Casi nunca me sucede,0 No me sucede,1 Casi nunca me sucede,1 Casi nunca me sucede,3 Me sucede mucho,3 Me sucede mucho,3 Me sucede mucho,1,0,1,1,3,3,3,0,0,12
gl63qscfdn,3 Me sucede mucho,0 No me sucede,2 A veces me sucede,0 No me sucede,0 No me sucede,1 Casi nunca me sucede,2 A veces me sucede,3,0,2,0,0,1,2,0,0,8
gwym2q1qky,1 Casi nunca me sucede,3 Me sucede mucho,1 Casi nunca me sucede,0 No me sucede,0 No me sucede,0 No me sucede,0 No me sucede,1,3,1,0,0,0,0,0,0,5
h1x9g6sjrs,3 Me sucede mucho,2 A veces me sucede,3 Me sucede mucho,0 No me sucede,1 Casi nunca me sucede,0 No me sucede,3 Me sucede mucho,3,2,3,0,1,0,3,0,0,12
h8dfofhvsb,2 A veces me sucede,2 A veces me sucede,0 No me sucede,0 No me sucede,3 Me sucede mucho,3 Me sucede mucho,0 No me sucede,2,2,0,0,3,3,0,0,0,10
hdtb13mmor,0 No me sucede,1 Casi nunca me sucede,0 No me sucede,1 Casi nunca me sucede,1 Casi nunca me sucede,1 Casi nunca me sucede,3 Me sucede mucho,0,1,0,1,1,1,3,0,0,7
hjk5lhv6bh,2 A veces me sucede,0 No me sucede,3 Me sucede mucho,2 A veces me sucede,3 Me sucede mucho,0 No me sucede,0 No me sucede,2,0,3,2,3,0,0,0,0,10
hnwz3n1x6l,3 Me sucede mucho,3 Me sucede mucho,3 Me sucede mucho,3 Me sucede mucho,2 A veces me sucede,2 A veces me sucede,1 Casi nunca me sucede,3,3,3,3,2,2,1,0,0,17
hov7c4x4b9,2 A veces me sucede,2 A veces me sucede,1 Casi nunca me sucede,3 Me sucede mucho,2 A veces me sucede,3 Me sucede mucho,2 A veces me sucede,2,2,1,3,2,3,2,0,0,15
hvb9n26qad,2 A veces me sucede,2 A veces me sucede,1 Casi nunca me sucede,2 A veces me sucede,0 No me sucede,3 Me sucede mucho,2 A veces me sucede,2,2,1,2,0,3,2,0,0,12
hxjxf5t7sf,3 Me sucede mucho,3 Me sucede mucho,3 Me sucede mucho,1 Casi nunca me sucede,2 A veces me sucede,2 A veces me sucede,1 Casi nunca me sucede,3,3,3,1,2,2,1,0,0,15
hzxmlt4vqa,2 A veces me sucede,0 No me sucede,1 Casi nunca me sucede,3 Me sucede mucho,1 Casi nunca me sucede,3 Me sucede mucho,2 A veces me sucede,2,0,1,3,1,3,2,0,0,12
jxavvx33u1,1 Casi nunca me sucede,0 No me sucede,1 Casi nunca me sucede,2 A veces me sucede,0 No me sucede,2 A veces me sucede,0 No me sucede,1,0,1,2,0,2,0,0,0,6
k5jdafw8jo,2 A veces me sucede,3 Me sucede mucho,1 Casi nunca me sucede,1 Casi nunca me sucede,1 Casi nunca me sucede,3 Me sucede mucho,0 No me sucede,2,3,1,1,1,3,0,0,0,11
k61mmqq74b,0 No me sucede,3 Me sucede mucho,3 Me sucede mucho,3 Me sucede mucho,2 A veces me sucede,0 No me sucede,1 Casi nunca me sucede,0,3,3,3,2,0,1,0,0,12
kcjs9my0kw,3 Me sucede mucho,2 A veces me sucede,0 No me sucede,0 No me sucede,3 Me sucede mucho,2 A veces me sucede,3 Me sucede mucho,3,2,0,0,3,2,3,0,0,13
kcuj05m365,0 No me sucede,0 No me sucede,2 A veces me sucede,3 Me sucede mucho,2 A veces me sucede,3 Me sucede mucho,0 No me sucede,0,0,2,3,2,3,0,0,0,10
kdf65a9ce8,1 Casi nunca me sucede,2 A veces me sucede,2 A veces me sucede,2 A veces me sucede,3 Me sucede mucho,2 A veces me sucede,3 Me sucede mucho,1,2,2,2,3,2,3,0,0,15
kjtm4pkgfv,0 No me sucede,2 A veces me sucede,1 Casi nunca me sucede,0 No me sucede,0 No me sucede,0 No me sucede,3 Me sucede mucho,0,2,1,0,0,0,3,0,0,6
ks5az3o4qg,0 No me sucede,3 Me sucede mucho,3 Me sucede mucho,2 A veces me sucede,1 Casi nunca me sucede,0 No me sucede,3 Me sucede mucho,0,3,3,2,1,0,3,0,0,12
ktyyhwndcl,3 Me sucede mucho,0 No me sucede,0 No me sucede,1 Casi nunca me sucede,0 No me sucede,2 A veces me sucede,0 No me sucede,3,0,0,1,0,2,0,0,0,6
kyvg85eh82,0 No me sucede,2 A veces me sucede,3 Me sucede mucho,0 No me sucede,2 A veces me sucede,2 A veces me sucede,3 Me sucede mucho,0,2,3,0,2,2,3,0,0,12
l718otr1d9,3 Me sucede mucho,0 No me sucede,2 A veces me sucede,2 A veces me sucede,3 Me sucede mucho,1 Casi nunca me sucede,3 Me sucede mucho,3,0,2,2,3,1,3,0,0,14
ld3zyo4e32,3 Me sucede mucho,3 Me sucede mucho,0 No me sucede,0 No me sucede,1 Casi nunca me sucede,2 A veces me sucede,2 A veces me sucede,3,3,0,0,1,2,2,0,0,11
loaudn7e5x,0 No me sucede,2 A veces me sucede,0 No me sucede,3 Me sucede mucho,0 No me sucede,1 Casi nunca me sucede,3 Me sucede mucho,0,2,0,3,0,1,3,0,0,9
lpzhvsyeyd,3 Me sucede mucho,3 Me sucede mucho,1 Casi nunca me sucede,3 Me sucede mucho,3 Me sucede mucho,1 Casi nunca me sucede,1 Casi nunca me sucede,3,3,1,3,3,1,1,0,0,15
m3jcfwu8pf,2 A veces me sucede,1 Casi nunca me sucede,1 Casi nunca me sucede,1 Casi nunca me sucede,3 Me sucede mucho,1 Casi nunca me sucede,0 No me sucede,2,1,1,1,3,1,0,0,0,9
m6s8gpnokc,3 Me sucede mucho,2 A veces me sucede,0 No me sucede,3 Me sucede mucho,1 Casi nunca me sucede,2 A veces me sucede,3 Me sucede mucho,3,2,0,3,1,2,3,0,0,14
m81yy8xu1v,1 Casi nunca me sucede,1 Casi nunca me sucede,1 Casi nunca me sucede,2 A veces me sucede,0 No me sucede,3 Me sucede mucho,2 A veces me sucede,1,1,1,2,0,3,2,0,0,10
m86u820c0d,3 Me sucede mucho,2 A veces me sucede,2 A veces me sucede,0 No me sucede,3 Me sucede mucho,0 No me sucede,1 Casi nunca me sucede,3,2,2,0,3,0,1,0,0,11
mdazzxxxzv,3 Me sucede mucho,0 No me sucede,3 Me sucede mucho,2 A veces me sucede,2 A veces me sucede,1 Casi nunca me sucede,0 No me sucede,3,0,3,2,2,1,0,0,0,11
mfex11day9,1 Casi nunca me sucede,0 No me sucede,3 Me sucede mucho,1 Casi nunca me sucede,0 No me sucede,0 No me sucede,3 Me sucede mucho,1,0,3,1,0,0,3,0,0,8
mxblx7zq49,3 Me sucede mucho,1 Casi nunca me sucede,2 A veces me sucede,1 Casi nunca me sucede,0 No me sucede,2 A veces me sucede,3 Me sucede mucho,3,1,2,1,0,2,3,0,0,12
narw3xkj0g,3 Me sucede mucho,3 Me sucede mucho,2 A veces me sucede,3 Me sucede mucho,0 No me sucede,2 A veces me sucede,0 No me sucede,3,3,2,3,0,2,0,0,0,13
ndy1kjrt2x,2 A veces me sucede,0 No me sucede,3 Me sucede mucho,2 A veces me sucede,1 Casi nunca me sucede,0 No me sucede,2 A veces me sucede,2,0,3,2,1,0,2,0,0,10
nhpl9mxmjt,3 Me sucede mucho,1 Casi nunca me sucede,0 No me sucede,2 A veces me sucede,2 A veces me sucede,3 Me sucede mucho,0 No me sucede,3,1,0,2,2,3,0,0,0,11
o04nf6v0nv,3 Me sucede mucho,0 No me sucede,0 No me sucede,3 Me sucede mucho,1 Casi nunca me sucede,2 A veces me sucede,3 Me sucede mucho,3,0,0,3,1,2,3,0,0,12
o3c4rl62a2,1 Casi nunca me sucede,0 No me sucede,1 Casi nunca me sucede,3 Me sucede mucho,3 Me sucede mucho,2 A veces me sucede,2 A veces me sucede,1,0,1,3,3,2,2,0,0,12
oakkqwsul4,1 Casi nunca me sucede,3 Me sucede mucho,0 No me sucede,0 No me sucede,3 Me sucede mucho,0 No me sucede,0 No me sucede,1,3,0,0,3,0,0,0,0,7
oce5txv2mw,2 A veces me sucede,2 A veces me sucede,1 Casi nunca me sucede,3 Me sucede mucho,2 A veces me sucede,2 A veces me sucede,0 No me sucede,2,2,1,3,2,2,0,0,0,12
p4kyau28we,2 A veces me sucede,2 A veces me sucede,3 Me sucede mucho,3 Me sucede mucho,3 Me sucede mucho,0 No me sucede,3 Me sucede mucho,2,2,3,3,3,0,3,0,0,16
p5aooz09fr,0 No me sucede,1 Casi nunca me sucede,1 Casi nunca me sucede,1 Casi nunca me sucede,0 No me sucede,0 No me sucede,0 No me sucede,0,1,1,1,0,0,0,0,0,3
p7tf9t3wdm,0 No me sucede,2 A veces me sucede,3 Me sucede mucho,2 A veces me sucede,1 Casi nunca me sucede,2 A veces me sucede,3 Me sucede mucho,0,2,3,2,1,2,3,0,0,13
phk1orszsr,3 Me sucede mucho,0 No me sucede,1 Casi nunca me sucede,2 A veces me sucede,1 Casi nunca me sucede,0 No me sucede,1 Casi nunca me sucede,3,0,1,2,1,0,1,0,0,8
pjx4no33pr,2 A veces me sucede,0 No me sucede,3 Me sucede mucho,3 Me sucede mucho,1 Casi nunca me sucede,2 A veces me sucede,3 Me sucede mucho,2,0,3,3,1,2,3,0,0,14
pp74ytekor,1 Casi nunca me sucede,3 Me sucede mucho,0 No me sucede,3 Me sucede mucho,3 Me sucede mucho,3 Me sucede mucho,1 Casi nunca me sucede,1,3,0,3,3,3,1,0,0,14
pq7v2hw009,0 No me sucede,1 Casi nunca me sucede,2 A veces me sucede,3 Me sucede mucho,0 No me sucede,0 No me sucede,0 No me sucede,0,1,2,3,0,0,0,0,0,6
pruxnqgcbg,0 No me sucede,2 A veces me sucede,2 A veces me sucede,3 Me sucede mucho,2 A veces me sucede,0 No me sucede,0 No me sucede,0,2,2,3,2,0,0,0,0,9
pwq2s8v657,1 Casi nunca me sucede,3 Me sucede mucho,1 Casi nunca me sucede,3 Me sucede mucho,2 A veces me sucede,3 Me sucede mucho,2 A veces me sucede,1,3,1,3,2,3,2,0,0,15
q0vest97y2,3 Me sucede mucho,2 A veces me sucede,2 A veces me sucede,3 Me sucede mucho,0 No me sucede,2 A veces me sucede,0 No me sucede,3,2,2,3,0,2,0,0,0,12
q6ha3r44px,1 Casi nunca me sucede,3 Me sucede mucho,2 A veces me sucede,1 Casi nunca me sucede,0 No me sucede,0 No me sucede,1 Casi nunca me sucede,1,3,2,1,0,0,1,0,0,8
qmhcr11zof,1 Casi nunca me sucede,2 A veces me sucede,1 Casi nunca me sucede,0 No me sucede,2 A veces me sucede,1 Casi nunca me sucede,3 Me sucede mucho,1,2,1,0,2,1,3,0,0,10
qn3v3he69v,1 Casi nunca me sucede,0 No me sucede,1 Casi nunca me sucede,3 Me sucede mucho,1 Casi nunca me sucede,1 Casi nunca me sucede,1 Casi nunca me sucede,1,0,1,3,1,1,1,0,0,8
qra8ncc4q5,2 A veces me sucede,1 Casi nunca me sucede,0 No me sucede,2 A veces me sucede,1 Casi nunca me sucede,1 Casi nunca me sucede,3 Me sucede mucho,2,1,0,2,1,1,3,0,0,10
r1991ltgcs,2 A veces me sucede,3 Me sucede mucho,1 Casi nunca me sucede,1 Casi nunca me sucede,2 A veces me sucede,3 Me sucede mucho,0 No me sucede,2,3,1,1,2,3,0,0,0,12
r7jzy3ct3c,0 No me sucede,0 No me sucede,2 A veces me sucede,1 Casi nunca me sucede,0 No me sucede,2 A veces me sucede,1 Casi nunca me sucede,0,0,2,1,0,2,1,0,0,6
ra287f6aca,2 A veces me sucede,2 A veces me sucede,1 Casi nunca me sucede,1 Casi nunca me sucede,0 No me sucede,0 No me sucede,3 Me sucede mucho,2,2,1,1,0,0,3,0,0,9
rbkhuu3vwq,2 A veces me sucede,1 Casi nunca me sucede,1 Casi nunca me sucede,1 Casi nunca me sucede,2 A veces me sucede,2 A veces me sucede,3 Me sucede mucho,2,1,1,1,2,2,3,0,0,12
rowh9jet2t,3 Me sucede mucho,0 No me sucede,3 Me sucede mucho,0 No me sucede,2 A veces me sucede,2 A veces me sucede,2 A veces me sucede,3,0,3,0,2,2,2,0,0,12
rqq545wznb,0 No me sucede,1 Casi nunca me sucede,0 No me sucede,3 Me sucede mucho,3 Me sucede mucho,1 Casi nunca me sucede,3 Me sucede mucho,0,1,0,3,3,1,3,0,0,11
rshpl3827a,2 A veces me sucede,3 Me sucede mucho,1 Casi nunca me sucede,1 Casi nunca me sucede,2 A veces me sucede,1 Casi nunca me sucede,1 Casi nunca me sucede,2,3,1,1,2,1,1,0,0,11
rz2oaw3guc,0 No me sucede,1 Casi nunca me sucede,2 A veces me sucede,1 Casi nunca me sucede,2 A veces me sucede,1 Casi nunca me sucede,2 A veces me sucede,0,1,2,1,2,1,2,0,0,9
rzjwbgjhcs,3 Me sucede mucho,3 Me sucede mucho,1 Casi nunca me sucede,3 Me sucede mucho,1 Casi nunca me sucede,0 No me sucede,3 Me sucede mucho,3,3,1,3,1,0,3,0,0,14
s81pqwxoof,1 Casi nunca me sucede,0 No me sucede,3 Me sucede mucho,1 Casi nunca me sucede,3 Me sucede mucho,2 A veces me sucede,2 A veces me sucede,1,0,3,1,3,2,2,0,0,12
s95x85yw24,1 Casi nunca me sucede,1 Casi nunca me sucede,3 Me sucede mucho,2 A veces me sucede,3 Me sucede mucho,1 Casi nunca me sucede,2 A veces me sucede,1,1,3,2,3,1,2,0,0,13
sbpyt6j1ha,0 No me sucede,1 Casi nunca me sucede,3 Me sucede mucho,3 Me sucede mucho,1 Casi nunca me sucede,2 A veces me sucede,3 Me sucede mucho,0,1,3,3,1,2,3,0,0,13
t55y13od5j,1 Casi nunca me sucede,3 Me sucede mucho,1 Casi nunca me sucede,3 Me sucede mucho,2 A veces me sucede,0 No me sucede,2 A veces me sucede,1,3,1,3,2,0,2,0,0,12
t70dnfpakz,0 No me sucede,3 Me sucede mucho,0 No me sucede,2 A veces me sucede,1 Casi nunca me sucede,1 Casi nunca me sucede,3 Me sucede mucho,0,3,0,2,1,1,3,0,0,10
tg7qgqq1tj,2 A veces me sucede,2 A veces me sucede,2 A veces me sucede,1 Casi nunca me sucede,2 A veces me sucede,0 No me sucede,0 No me sucede,2,2,2,1,2,0,0,0,0,9
tgn2znz5zz,0 No me sucede,3 Me sucede mucho,1 Casi nunca me sucede,1 Casi nunca me sucede,3 Me sucede mucho,2 A veces me sucede,2 A veces me sucede,0,3,1,1,3,2,2,0,0,12
tlemko8z97,0 No me sucede,1 Casi nunca me sucede,2 A veces me sucede,1 Casi nunca me sucede,3 Me sucede mucho,3 Me sucede mucho,2 A veces me sucede,0,1,2,1,3,3,2,0,0,12
ucn3bqr9on,0 No me sucede,0 No me sucede,2 A veces me sucede,2 A veces me sucede,2 A veces me sucede,2 A veces me sucede,2 A veces me sucede,0,0,2,2,2,2,2,0,0,10
ud2th5lzzu,2 A veces me sucede,0 No me sucede,3 Me sucede mucho,3 Me sucede mucho,1 Casi nunca me sucede,0 No me sucede,2 A veces me sucede,2,0,3,3,1,0,2,0,0,11
v2avl317u0,1 Casi nunca me sucede,3 Me sucede mucho,2 A veces me sucede,1 Casi nunca me sucede,0 No me sucede,0 No me sucede,1 Casi nunca me sucede,1,3,2,1,0,0,1,0,0,8
vhy5bvt4fb,1 Casi nunca me sucede,1 Casi nunca me sucede,3 Me sucede mucho,3 Me sucede mucho,2 A veces me sucede,0 No me sucede,2 A veces me sucede,1,1,3,3,2,0,2,0,0,12
vlzy59ejug,2 A veces me sucede,0 No me sucede,0 No me sucede,1 Casi nunca me sucede,1 Casi nunca me sucede,3 Me sucede mucho,0 No me sucede,2,0,0,1,1,3,0,0,0,7
vozlqe851u,2 A veces me sucede,0 No me sucede,1 Casi nunca me sucede,0 No me sucede,0 No me sucede,0 No me sucede,3 Me sucede mucho,2,0,1,0,0,0,3,0,0,6
vqdlvnygor,2 A veces me sucede,2 A veces me sucede,2 A veces me sucede,0 No me sucede,2 A veces me sucede,0 No me sucede,1 Casi nunca me sucede,2,2,2,0,2,0,1,0,0,9
vro0gvd7yj,1 Casi nunca me sucede,3 Me sucede mucho,2 A veces me sucede,1 Casi nunca me sucede,1 Casi nunca me sucede,2 A veces me sucede,2 A veces me sucede,1,3,2,1,1,2,2,0,0,12
vtrywu4nrg,1 Casi nunca me sucede,2 A veces me sucede,0 No me sucede,2 A veces me sucede,2 A veces me sucede,1 Casi nunca me sucede,1 Casi nunca me sucede,1,2,0,2,2,1,1,0,0,9
vtykzq1kqu,1 Casi nunca me sucede,0 No me sucede,3 Me sucede mucho,3 Me sucede mucho,2 A veces me sucede,2 A veces me sucede,0 No me sucede,1,0,3,3,2,2,0,0,0,11
w5xlp96oau,2 A veces me sucede,1 Casi nunca me sucede,2 A veces me sucede,1 Casi nunca me sucede,3 Me sucede mucho,3 Me sucede mucho,0 No me sucede,2,1,2,1,3,3,0,0,0,12
wju0eu0xqf,3 Me sucede mucho,1 Casi nunca me sucede,3 Me sucede mucho,3 Me sucede mucho,3 Me sucede mucho,1 Casi nunca me sucede,0 No me sucede,3,1,3,3,3,1,0,0,0,14
wk2t8qcg3w,3 Me sucede mucho,1 Casi nunca me sucede,2 A veces me sucede,0 No me sucede,3 Me sucede mucho,0 No me sucede,1 Casi nunca me sucede,3,1,2,0,3,0,1,0,0,10
wk4xr8wsuk,0 No me sucede,0 No me sucede,0 No me sucede,1 Casi nunca me sucede,2 A veces me sucede,1 Casi nunca me sucede,0 No me sucede,0,0,0,1,2,1,0,0,0,4
wo5p37bj82,2 A veces me sucede,2 A veces me sucede,3 Me sucede mucho,0 No me sucede,2 A veces me sucede,0 No me sucede,0 No me sucede,2,2,3,0,2,0,0,0,0,9
wtw44m4z52,1 Casi nunca me sucede,2 A veces me sucede,0 No me sucede,2 A veces me sucede,3 Me sucede mucho,1 Casi nunca me sucede,3 Me sucede mucho,1,2,0,2,3,1,3,0,0,12
wz66hmqsly,0 No me sucede,1 Casi nunca me sucede,0 No me sucede,3 Me sucede mucho,1 Casi nunca me sucede,0 No me sucede,1 Casi nunca me sucede,0,1,0,3,1,0,1,0,0,6
xc9bj6hzc0,2 A veces me sucede,1 Casi nunca me sucede,1 Casi nunca me sucede,3 Me sucede mucho,2 A veces me sucede,1 Casi nunca me sucede,0 No me sucede,2,1,1,3,2,1,0,0,0,10
xffngnrzht,0 No me sucede,3 Me sucede mucho,1 Casi nunca me sucede,1 Casi nunca me sucede,2 A veces me sucede,0 No me sucede,0 No me sucede,0,3,1,1,2,0,0,0,0,7
xh39sayova,0 No me sucede,2 A veces me sucede,3 Me sucede mucho,1 Casi nunca me sucede,2 A veces me sucede,3 Me sucede mucho,3 Me sucede mucho,0,2,3,1,2,3,3,0,0,14
xmgtt4u6dz,1 Casi nunca me sucede,0 No me sucede,3 Me sucede mucho,0 No me sucede,2 A veces me sucede,3 Me sucede mucho,1 Casi nunca me sucede,1,0,3,0,2,3,1,0,0,10
xpg1oybll7,2 A veces me sucede,0 No me sucede,2 A veces me sucede,1 Casi nunca me sucede,2 A veces me sucede,2 A veces me sucede,3 Me sucede mucho,2,0,2,1,2,2,3,0,0,12
xyt9zsqdgv,0 No me sucede,3 Me sucede mucho,0 No me sucede,2 A veces me sucede,2 A veces me sucede,3 Me sucede mucho,3 Me sucede mucho,0,3,0,2,2,3,3,0,0,13
y1hqhpozbj,0 No me sucede,1 Casi nunca me sucede,3 Me sucede mucho,0 No me sucede,3 Me sucede mucho,0 No me sucede,0 No me sucede,0,1,3,0,3,0,0,0,0,7
y6pb1xwr9o,0 No me sucede,1 Casi nunca me sucede,2 A veces me sucede,1 Casi nunca me sucede,1 Casi nunca me sucede,1 Casi nunca me sucede,2 A veces me sucede,0,1,2,1,1,1,2,0,0,8
y7sdbrr5ce,0 No me sucede,1 Casi nunca me sucede,0 No me sucede,0 No me sucede,0 No me sucede,2 A veces me sucede,0 No me sucede,0,1,0,0,0,2,0,0,0,3
ygjy0r3n2d,0 No me sucede,3 Me sucede mucho,0 No me sucede,2 A veces me sucede,3 Me sucede mucho,1 Casi nunca me sucede,3 Me sucede mucho,0,3,0,2,3,1,3,0,0,12
yk9l51x5a4,3 Me sucede mucho,0 No me sucede,0 No me sucede,2 A veces me sucede,0 No me sucede,2 A veces me sucede,3 Me sucede mucho,3,0,0,2,0,2,3,0,0,10
z8wzbqn0pn,1 Casi nunca me sucede,1 Casi nunca me sucede,3 Me sucede mucho,3 Me sucede mucho,3 Me sucede mucho,2 A veces me sucede,0 No me sucede,1,1,3,3,3,2,0,0,0,13
zcp64btqg5,3 Me sucede mucho,1 Casi nunca me sucede,2 A veces me sucede,1 Casi nunca me sucede,1 Casi nunca me sucede,0 No me sucede,2 A veces me sucede,3,1,2,1,1,0,2,0,0,10
