id,Report_001_RAW,Report_001_1_RAW,Report_001_2_RAW,Report_002_RAW,Report_001_DIR,Report_001_1_DIR,Report_001_2_DIR,Report_002_DIR,Report_RAW_NA,Report_DIR_NA,Report_informe_DIRd,Report_alias_DIRd,Report_SoloContacto_DIRd,Report_EmailFuturo_DIRd
082yon1f8s,No deseo recibir el informe,NA,NA,"Si, acepto ser contactado en el futuro",0,NA,NA,1,2,2,0,NA,NA,NA
198ffmz813,No deseo recibir el informe,NA,NA,"No, no acepto que mis datos sean reutilizados",0,NA,NA,0,2,2,0,NA,NA,NA
1cz3j0oygl,"Si, deseo recibir el informe",,FxvY8YfRQE@gmail.com,"Si, acepto ser contactado en el futuro",1,,FxvY8YfRQE@gmail.com,1,0,0,1,,FxvY8YfRQE@gmail.com,FxvY8YfRQE@gmail.com
1geph65310,"Si, deseo recibir el informe",,y1D6zurQ@gmail.com,"No, no acepto que mis datos sean reutilizados",1,,y1D6zurQ@gmail.com,0,0,0,1,,y1D6zurQ@gmail.com,NA
1ql026p3y1,No deseo recibir el informe,NA,NA,"Si, acepto ser contactado en el futuro",0,NA,NA,1,2,2,0,NA,NA,NA
1zft2e3qp3,"Si, deseo recibir el informe",,5TRIaTLC@gmail.com,"Si, acepto ser contactado en el futuro",1,,5TRIaTLC@gmail.com,1,0,0,1,,5TRIaTLC@gmail.com,5TRIaTLC@gmail.com
1zzo6hstkp,"Si, deseo recibir el informe",,6iJ4ZTeV@gmail.com,"Si, acepto ser contactado en el futuro",1,,6iJ4ZTeV@gmail.com,1,0,0,1,,6iJ4ZTeV@gmail.com,6iJ4ZTeV@gmail.com
22eggg60y0,No deseo recibir el informe,NA,NA,"No, no acepto que mis datos sean reutilizados",0,NA,NA,0,2,2,0,NA,NA,NA
22j8z6m295,No deseo recibir el informe,NA,NA,"No, no acepto que mis datos sean reutilizados",0,NA,NA,0,2,2,0,NA,NA,NA
2bnosnpjg1,"Si, deseo recibir el informe",,NiRNf5C@gmail.com,"No, no acepto que mis datos sean reutilizados",1,,NiRNf5C@gmail.com,0,0,0,1,,NiRNf5C@gmail.com,NA
2bx6a27wgy,No deseo recibir el informe,NA,NA,"Si, acepto ser contactado en el futuro",0,NA,NA,1,2,2,0,NA,NA,NA
2kjksz3dk6,"Si, deseo recibir el informe",,P2fvw@gmail.com,"Si, acepto ser contactado en el futuro",1,,P2fvw@gmail.com,1,0,0,1,,P2fvw@gmail.com,P2fvw@gmail.com
2mywdvql6d,No deseo recibir el informe,NA,NA,"Si, acepto ser contactado en el futuro",0,NA,NA,1,2,2,0,NA,NA,NA
30jdzb9h5k,No deseo recibir el informe,NA,NA,"No, no acepto que mis datos sean reutilizados",0,NA,NA,0,2,2,0,NA,NA,NA
33cfoos1cj,"Si, deseo recibir el informe",,xoaaVqCN@gmail.com,"No, no acepto que mis datos sean reutilizados",1,,xoaaVqCN@gmail.com,0,0,0,1,,xoaaVqCN@gmail.com,NA
34g5faf8dk,"Si, deseo recibir el informe",,Ot1kV8ss@gmail.com,"Si, acepto ser contactado en el futuro",1,,Ot1kV8ss@gmail.com,1,0,0,1,,Ot1kV8ss@gmail.com,Ot1kV8ss@gmail.com
3hcye28j4f,No deseo recibir el informe,NA,NA,"No, no acepto que mis datos sean reutilizados",0,NA,NA,0,2,2,0,NA,NA,NA
3kgh8q2chr,"Si, deseo recibir el informe",,I2nlUYOkn@gmail.com,"No, no acepto que mis datos sean reutilizados",1,,I2nlUYOkn@gmail.com,0,0,0,1,,I2nlUYOkn@gmail.com,NA
3l1rjzr1fa,"Si, deseo recibir el informe",,iHXMfIpjh8@gmail.com,"No, no acepto que mis datos sean reutilizados",1,,iHXMfIpjh8@gmail.com,0,0,0,1,,iHXMfIpjh8@gmail.com,NA
3ncvz1y8n3,"Si, deseo recibir el informe",,YkmuqQwo@gmail.com,"Si, acepto ser contactado en el futuro",1,,YkmuqQwo@gmail.com,1,0,0,1,,YkmuqQwo@gmail.com,YkmuqQwo@gmail.com
3xbk959gyo,"Si, deseo recibir el informe",,lz77o@gmail.com,"No, no acepto que mis datos sean reutilizados",1,,lz77o@gmail.com,0,0,0,1,,lz77o@gmail.com,NA
4213z28ad7,No deseo recibir el informe,NA,NA,"Si, acepto ser contactado en el futuro",0,NA,NA,1,2,2,0,NA,NA,NA
4fqkay53v1,No deseo recibir el informe,NA,NA,"Si, acepto ser contactado en el futuro",0,NA,NA,1,2,2,0,NA,NA,NA
4j7j7cqxla,No deseo recibir el informe,NA,NA,"Si, acepto ser contactado en el futuro",0,NA,NA,1,2,2,0,NA,NA,NA
4lyok1kabv,No deseo recibir el informe,NA,NA,"No, no acepto que mis datos sean reutilizados",0,NA,NA,0,2,2,0,NA,NA,NA
4scghjtvfc,No deseo recibir el informe,NA,NA,"Si, acepto ser contactado en el futuro",0,NA,NA,1,2,2,0,NA,NA,NA
4upg4vr5tz,"Si, deseo recibir el informe",,1PckfM3rn@gmail.com,"Si, acepto ser contactado en el futuro",1,,1PckfM3rn@gmail.com,1,0,0,1,,1PckfM3rn@gmail.com,1PckfM3rn@gmail.com
4xyj6fx8w9,No deseo recibir el informe,NA,NA,"No, no acepto que mis datos sean reutilizados",0,NA,NA,0,2,2,0,NA,NA,NA
5hy23ac493,No deseo recibir el informe,NA,NA,"No, no acepto que mis datos sean reutilizados",0,NA,NA,0,2,2,0,NA,NA,NA
5jwndyfo63,No deseo recibir el informe,NA,NA,"No, no acepto que mis datos sean reutilizados",0,NA,NA,0,2,2,0,NA,NA,NA
5lh5jn8ogo,"Si, deseo recibir el informe",,oO0pgu4k2T@gmail.com,"No, no acepto que mis datos sean reutilizados",1,,oO0pgu4k2T@gmail.com,0,0,0,1,,oO0pgu4k2T@gmail.com,NA
5pq1892xr2,No deseo recibir el informe,NA,NA,"No, no acepto que mis datos sean reutilizados",0,NA,NA,0,2,2,0,NA,NA,NA
5ze99wwyzg,"Si, deseo recibir el informe",,4DcZt@gmail.com,"Si, acepto ser contactado en el futuro",1,,4DcZt@gmail.com,1,0,0,1,,4DcZt@gmail.com,4DcZt@gmail.com
721nldl3hk,No deseo recibir el informe,NA,NA,"No, no acepto que mis datos sean reutilizados",0,NA,NA,0,2,2,0,NA,NA,NA
7b3vrfl7yx,No deseo recibir el informe,NA,NA,"No, no acepto que mis datos sean reutilizados",0,NA,NA,0,2,2,0,NA,NA,NA
7dsu96rh9s,"Si, deseo recibir el informe",,Ei4pDBwvFE@gmail.com,"Si, acepto ser contactado en el futuro",1,,Ei4pDBwvFE@gmail.com,1,0,0,1,,Ei4pDBwvFE@gmail.com,Ei4pDBwvFE@gmail.com
7mr0sg6y83,No deseo recibir el informe,NA,NA,"Si, acepto ser contactado en el futuro",0,NA,NA,1,2,2,0,NA,NA,NA
7pbuln5m01,No deseo recibir el informe,NA,NA,"No, no acepto que mis datos sean reutilizados",0,NA,NA,0,2,2,0,NA,NA,NA
7vxgxt0rc5,"Si, deseo recibir el informe",,XpJZvb@gmail.com,"Si, acepto ser contactado en el futuro",1,,XpJZvb@gmail.com,1,0,0,1,,XpJZvb@gmail.com,XpJZvb@gmail.com
7z8bcdbqgl,"Si, deseo recibir el informe",,fByAaNQe7W@gmail.com,"No, no acepto que mis datos sean reutilizados",1,,fByAaNQe7W@gmail.com,0,0,0,1,,fByAaNQe7W@gmail.com,NA
8evkdzrlyq,"Si, deseo recibir el informe",,1LfN38@gmail.com,"No, no acepto que mis datos sean reutilizados",1,,1LfN38@gmail.com,0,0,0,1,,1LfN38@gmail.com,NA
8g2ukdmqya,"Si, deseo recibir el informe",,oC8VvIGAc@gmail.com,"No, no acepto que mis datos sean reutilizados",1,,oC8VvIGAc@gmail.com,0,0,0,1,,oC8VvIGAc@gmail.com,NA
8khkqwrctk,No deseo recibir el informe,NA,NA,"No, no acepto que mis datos sean reutilizados",0,NA,NA,0,2,2,0,NA,NA,NA
8vmbbnagsa,"Si, deseo recibir el informe",,SltusDWfU@gmail.com,"Si, acepto ser contactado en el futuro",1,,SltusDWfU@gmail.com,1,0,0,1,,SltusDWfU@gmail.com,SltusDWfU@gmail.com
90kkx9ja4q,No deseo recibir el informe,NA,NA,"Si, acepto ser contactado en el futuro",0,NA,NA,1,2,2,0,NA,NA,NA
92vkkqc5mv,"Si, deseo recibir el informe",,SCL5gj@gmail.com,"No, no acepto que mis datos sean reutilizados",1,,SCL5gj@gmail.com,0,0,0,1,,SCL5gj@gmail.com,NA
96zsxy7sba,"Si, deseo recibir el informe",,eRIacN@gmail.com,"Si, acepto ser contactado en el futuro",1,,eRIacN@gmail.com,1,0,0,1,,eRIacN@gmail.com,eRIacN@gmail.com
9k2579rrx7,No deseo recibir el informe,NA,NA,"No, no acepto que mis datos sean reutilizados",0,NA,NA,0,2,2,0,NA,NA,NA
9vs3bc7s4y,"Si, deseo recibir el informe",,ORRMdTVL@gmail.com,"No, no acepto que mis datos sean reutilizados",1,,ORRMdTVL@gmail.com,0,0,0,1,,ORRMdTVL@gmail.com,NA
aa8r46b3ux,No deseo recibir el informe,NA,NA,"Si, acepto ser contactado en el futuro",0,NA,NA,1,2,2,0,NA,NA,NA
ag8zd67dhr,"Si, deseo recibir el informe",,nVaAbna@gmail.com,"Si, acepto ser contactado en el futuro",1,,nVaAbna@gmail.com,1,0,0,1,,nVaAbna@gmail.com,nVaAbna@gmail.com
ah7t5bzpf3,No deseo recibir el informe,NA,NA,"Si, acepto ser contactado en el futuro",0,NA,NA,1,2,2,0,NA,NA,NA
aophl7k2k6,No deseo recibir el informe,NA,NA,"Si, acepto ser contactado en el futuro",0,NA,NA,1,2,2,0,NA,NA,NA
b7f4hnqpg2,"Si, deseo recibir el informe",,xxc3Gjw@gmail.com,"Si, acepto ser contactado en el futuro",1,,xxc3Gjw@gmail.com,1,0,0,1,,xxc3Gjw@gmail.com,xxc3Gjw@gmail.com
bale3xl06k,No deseo recibir el informe,NA,NA,"No, no acepto que mis datos sean reutilizados",0,NA,NA,0,2,2,0,NA,NA,NA
brjht9nmu9,No deseo recibir el informe,NA,NA,"No, no acepto que mis datos sean reutilizados",0,NA,NA,0,2,2,0,NA,NA,NA
bwt12n9qj9,No deseo recibir el informe,NA,NA,"Si, acepto ser contactado en el futuro",0,NA,NA,1,2,2,0,NA,NA,NA
by7v8bl7of,No deseo recibir el informe,NA,NA,"Si, acepto ser contactado en el futuro",0,NA,NA,1,2,2,0,NA,NA,NA
c5el7ygpwu,No deseo recibir el informe,NA,NA,"Si, acepto ser contactado en el futuro",0,NA,NA,1,2,2,0,NA,NA,NA
c7fryfrpnh,No deseo recibir el informe,NA,NA,"No, no acepto que mis datos sean reutilizados",0,NA,NA,0,2,2,0,NA,NA,NA
c7ws8fexjx,"Si, deseo recibir el informe",,amqWrSy@gmail.com,"Si, acepto ser contactado en el futuro",1,,amqWrSy@gmail.com,1,0,0,1,,amqWrSy@gmail.com,amqWrSy@gmail.com
c8rjnz79uk,"Si, deseo recibir el informe",,9NEGzY2@gmail.com,"Si, acepto ser contactado en el futuro",1,,9NEGzY2@gmail.com,1,0,0,1,,9NEGzY2@gmail.com,9NEGzY2@gmail.com
chylxjtm09,"Si, deseo recibir el informe",,QZVCj@gmail.com,"Si, acepto ser contactado en el futuro",1,,QZVCj@gmail.com,1,0,0,1,,QZVCj@gmail.com,QZVCj@gmail.com
cj35eze74r,No deseo recibir el informe,NA,NA,"Si, acepto ser contactado en el futuro",0,NA,NA,1,2,2,0,NA,NA,NA
cuvccwkcqj,"Si, deseo recibir el informe",,Qu4xb@gmail.com,"No, no acepto que mis datos sean reutilizados",1,,Qu4xb@gmail.com,0,0,0,1,,Qu4xb@gmail.com,NA
d3gr4hqn2z,No deseo recibir el informe,NA,NA,"No, no acepto que mis datos sean reutilizados",0,NA,NA,0,2,2,0,NA,NA,NA
d4qoclrg90,No deseo recibir el informe,NA,NA,"No, no acepto que mis datos sean reutilizados",0,NA,NA,0,2,2,0,NA,NA,NA
dbq0df9rfa,No deseo recibir el informe,NA,NA,"No, no acepto que mis datos sean reutilizados",0,NA,NA,0,2,2,0,NA,NA,NA
dmlwcyjwfw,No deseo recibir el informe,NA,NA,"Si, acepto ser contactado en el futuro",0,NA,NA,1,2,2,0,NA,NA,NA
dtpgk4je3a,"Si, deseo recibir el informe",,stXl4@gmail.com,"Si, acepto ser contactado en el futuro",1,,stXl4@gmail.com,1,0,0,1,,stXl4@gmail.com,stXl4@gmail.com
dygujm00v6,"Si, deseo recibir el informe",,811FRDGF@gmail.com,"Si, acepto ser contactado en el futuro",1,,811FRDGF@gmail.com,1,0,0,1,,811FRDGF@gmail.com,811FRDGF@gmail.com
e4jxvwy2w0,No deseo recibir el informe,NA,NA,"Si, acepto ser contactado en el futuro",0,NA,NA,1,2,2,0,NA,NA,NA
el7knnbhqc,No deseo recibir el informe,NA,NA,"Si, acepto ser contactado en el futuro",0,NA,NA,1,2,2,0,NA,NA,NA
er00j5kzhv,"Si, deseo recibir el informe",,pG7yZhUeGU@gmail.com,"Si, acepto ser contactado en el futuro",1,,pG7yZhUeGU@gmail.com,1,0,0,1,,pG7yZhUeGU@gmail.com,pG7yZhUeGU@gmail.com
f434fd4yec,"Si, deseo recibir el informe",,JiA3flz@gmail.com,"Si, acepto ser contactado en el futuro",1,,JiA3flz@gmail.com,1,0,0,1,,JiA3flz@gmail.com,JiA3flz@gmail.com
fkw2jdm33r,"Si, deseo recibir el informe",,50jo5NA@gmail.com,"Si, acepto ser contactado en el futuro",1,,50jo5NA@gmail.com,1,0,0,1,,50jo5NA@gmail.com,50jo5NA@gmail.com
fp5c2zkmq4,"Si, deseo recibir el informe",,8d2SoWf9@gmail.com,"No, no acepto que mis datos sean reutilizados",1,,8d2SoWf9@gmail.com,0,0,0,1,,8d2SoWf9@gmail.com,NA
fu71sdtqp7,"Si, deseo recibir el informe",,pd8ukUOp@gmail.com,"No, no acepto que mis datos sean reutilizados",1,,pd8ukUOp@gmail.com,0,0,0,1,,pd8ukUOp@gmail.com,NA
g4bda40oys,No deseo recibir el informe,NA,NA,"Si, acepto ser contactado en el futuro",0,NA,NA,1,2,2,0,NA,NA,NA
gfna40535s,"Si, deseo recibir el informe",,Q7LYB@gmail.com,"No, no acepto que mis datos sean reutilizados",1,,Q7LYB@gmail.com,0,0,0,1,,Q7LYB@gmail.com,NA
gl63qscfdn,"Si, deseo recibir el informe",,qNgfqD3@gmail.com,"No, no acepto que mis datos sean reutilizados",1,,qNgfqD3@gmail.com,0,0,0,1,,qNgfqD3@gmail.com,NA
gwym2q1qky,"Si, deseo recibir el informe",,1jnvCH@gmail.com,"Si, acepto ser contactado en el futuro",1,,1jnvCH@gmail.com,1,0,0,1,,1jnvCH@gmail.com,1jnvCH@gmail.com
h1x9g6sjrs,"Si, deseo recibir el informe",,qx4vU@gmail.com,"No, no acepto que mis datos sean reutilizados",1,,qx4vU@gmail.com,0,0,0,1,,qx4vU@gmail.com,NA
h8dfofhvsb,"Si, deseo recibir el informe",,IYlSO5WQ@gmail.com,"Si, acepto ser contactado en el futuro",1,,IYlSO5WQ@gmail.com,1,0,0,1,,IYlSO5WQ@gmail.com,IYlSO5WQ@gmail.com
hdtb13mmor,"Si, deseo recibir el informe",,6TP0KGe@gmail.com,"Si, acepto ser contactado en el futuro",1,,6TP0KGe@gmail.com,1,0,0,1,,6TP0KGe@gmail.com,6TP0KGe@gmail.com
hjk5lhv6bh,No deseo recibir el informe,NA,NA,"No, no acepto que mis datos sean reutilizados",0,NA,NA,0,2,2,0,NA,NA,NA
hnwz3n1x6l,No deseo recibir el informe,NA,NA,"Si, acepto ser contactado en el futuro",0,NA,NA,1,2,2,0,NA,NA,NA
hov7c4x4b9,"Si, deseo recibir el informe",,46eFsnFp@gmail.com,"Si, acepto ser contactado en el futuro",1,,46eFsnFp@gmail.com,1,0,0,1,,46eFsnFp@gmail.com,46eFsnFp@gmail.com
hvb9n26qad,"Si, deseo recibir el informe",,HRkStLNTE@gmail.com,"Si, acepto ser contactado en el futuro",1,,HRkStLNTE@gmail.com,1,0,0,1,,HRkStLNTE@gmail.com,HRkStLNTE@gmail.com
hxjxf5t7sf,No deseo recibir el informe,NA,NA,"Si, acepto ser contactado en el futuro",0,NA,NA,1,2,2,0,NA,NA,NA
hzxmlt4vqa,No deseo recibir el informe,NA,NA,"No, no acepto que mis datos sean reutilizados",0,NA,NA,0,2,2,0,NA,NA,NA
jxavvx33u1,No deseo recibir el informe,NA,NA,"No, no acepto que mis datos sean reutilizados",0,NA,NA,0,2,2,0,NA,NA,NA
k5jdafw8jo,No deseo recibir el informe,NA,NA,"Si, acepto ser contactado en el futuro",0,NA,NA,1,2,2,0,NA,NA,NA
k61mmqq74b,"Si, deseo recibir el informe",,E6hbWib7aE@gmail.com,"Si, acepto ser contactado en el futuro",1,,E6hbWib7aE@gmail.com,1,0,0,1,,E6hbWib7aE@gmail.com,E6hbWib7aE@gmail.com
kcjs9my0kw,No deseo recibir el informe,NA,NA,"Si, acepto ser contactado en el futuro",0,NA,NA,1,2,2,0,NA,NA,NA
kcuj05m365,No deseo recibir el informe,NA,NA,"No, no acepto que mis datos sean reutilizados",0,NA,NA,0,2,2,0,NA,NA,NA
kdf65a9ce8,No deseo recibir el informe,NA,NA,"No, no acepto que mis datos sean reutilizados",0,NA,NA,0,2,2,0,NA,NA,NA
kjtm4pkgfv,"Si, deseo recibir el informe",,w8vscPk@gmail.com,"Si, acepto ser contactado en el futuro",1,,w8vscPk@gmail.com,1,0,0,1,,w8vscPk@gmail.com,w8vscPk@gmail.com
ks5az3o4qg,"Si, deseo recibir el informe",,TJNy7jR@gmail.com,"No, no acepto que mis datos sean reutilizados",1,,TJNy7jR@gmail.com,0,0,0,1,,TJNy7jR@gmail.com,NA
ktyyhwndcl,"Si, deseo recibir el informe",,YZDZQSsiE@gmail.com,"Si, acepto ser contactado en el futuro",1,,YZDZQSsiE@gmail.com,1,0,0,1,,YZDZQSsiE@gmail.com,YZDZQSsiE@gmail.com
kyvg85eh82,"Si, deseo recibir el informe",,iZklQx@gmail.com,"No, no acepto que mis datos sean reutilizados",1,,iZklQx@gmail.com,0,0,0,1,,iZklQx@gmail.com,NA
l718otr1d9,"Si, deseo recibir el informe",,ZCcYhQsAQr@gmail.com,"No, no acepto que mis datos sean reutilizados",1,,ZCcYhQsAQr@gmail.com,0,0,0,1,,ZCcYhQsAQr@gmail.com,NA
ld3zyo4e32,"Si, deseo recibir el informe",,n6gwNmJcAF@gmail.com,"No, no acepto que mis datos sean reutilizados",1,,n6gwNmJcAF@gmail.com,0,0,0,1,,n6gwNmJcAF@gmail.com,NA
loaudn7e5x,"Si, deseo recibir el informe",,GHQ0nP8@gmail.com,"No, no acepto que mis datos sean reutilizados",1,,GHQ0nP8@gmail.com,0,0,0,1,,GHQ0nP8@gmail.com,NA
lpzhvsyeyd,"Si, deseo recibir el informe",,B49bY3w8RP@gmail.com,"Si, acepto ser contactado en el futuro",1,,B49bY3w8RP@gmail.com,1,0,0,1,,B49bY3w8RP@gmail.com,B49bY3w8RP@gmail.com
m3jcfwu8pf,"Si, deseo recibir el informe",,JQ6iFm@gmail.com,"Si, acepto ser contactado en el futuro",1,,JQ6iFm@gmail.com,1,0,0,1,,JQ6iFm@gmail.com,JQ6iFm@gmail.com
m6s8gpnokc,"Si, deseo recibir el informe",,70JJBFTASD@gmail.com,"Si, acepto ser contactado en el futuro",1,,70JJBFTASD@gmail.com,1,0,0,1,,70JJBFTASD@gmail.com,70JJBFTASD@gmail.com
m81yy8xu1v,"Si, deseo recibir el informe",,1KMgzS1XQR@gmail.com,"Si, acepto ser contactado en el futuro",1,,1KMgzS1XQR@gmail.com,1,0,0,1,,1KMgzS1XQR@gmail.com,1KMgzS1XQR@gmail.com
m86u820c0d,No deseo recibir el informe,NA,NA,"No, no acepto que mis datos sean reutilizados",0,NA,NA,0,2,2,0,NA,NA,NA
mdazzxxxzv,"Si, deseo recibir el informe",,aFUNx2UhsR@gmail.com,"No, no acepto que mis datos sean reutilizados",1,,aFUNx2UhsR@gmail.com,0,0,0,1,,aFUNx2UhsR@gmail.com,NA
mfex11day9,"Si, deseo recibir el informe",,PiiJAeTs@gmail.com,"Si, acepto ser contactado en el futuro",1,,PiiJAeTs@gmail.com,1,0,0,1,,PiiJAeTs@gmail.com,PiiJAeTs@gmail.com
mxblx7zq49,"Si, deseo recibir el informe",,KHhaFkeT@gmail.com,"No, no acepto que mis datos sean reutilizados",1,,KHhaFkeT@gmail.com,0,0,0,1,,KHhaFkeT@gmail.com,NA
narw3xkj0g,No deseo recibir el informe,NA,NA,"Si, acepto ser contactado en el futuro",0,NA,NA,1,2,2,0,NA,NA,NA
ndy1kjrt2x,"Si, deseo recibir el informe",,8ruda2Ih@gmail.com,"No, no acepto que mis datos sean reutilizados",1,,8ruda2Ih@gmail.com,0,0,0,1,,8ruda2Ih@gmail.com,NA
nhpl9mxmjt,No deseo recibir el informe,NA,NA,"Si, acepto ser contactado en el futuro",0,NA,NA,1,2,2,0,NA,NA,NA
o04nf6v0nv,"Si, deseo recibir el informe",,P1k1tPxsG@gmail.com,"No, no acepto que mis datos sean reutilizados",1,,P1k1tPxsG@gmail.com,0,0,0,1,,P1k1tPxsG@gmail.com,NA
o3c4rl62a2,No deseo recibir el informe,NA,NA,"No, no acepto que mis datos sean reutilizados",0,NA,NA,0,2,2,0,NA,NA,NA
oakkqwsul4,No deseo recibir el informe,NA,NA,"No, no acepto que mis datos sean reutilizados",0,NA,NA,0,2,2,0,NA,NA,NA
oce5txv2mw,No deseo recibir el informe,NA,NA,"Si, acepto ser contactado en el futuro",0,NA,NA,1,2,2,0,NA,NA,NA
p4kyau28we,No deseo recibir el informe,NA,NA,"Si, acepto ser contactado en el futuro",0,NA,NA,1,2,2,0,NA,NA,NA
p5aooz09fr,No deseo recibir el informe,NA,NA,"Si, acepto ser contactado en el futuro",0,NA,NA,1,2,2,0,NA,NA,NA
p7tf9t3wdm,"Si, deseo recibir el informe",,Dl0grFLYC@gmail.com,"Si, acepto ser contactado en el futuro",1,,Dl0grFLYC@gmail.com,1,0,0,1,,Dl0grFLYC@gmail.com,Dl0grFLYC@gmail.com
phk1orszsr,No deseo recibir el informe,NA,NA,"No, no acepto que mis datos sean reutilizados",0,NA,NA,0,2,2,0,NA,NA,NA
pjx4no33pr,"Si, deseo recibir el informe",,PmAGqgU@gmail.com,"Si, acepto ser contactado en el futuro",1,,PmAGqgU@gmail.com,1,0,0,1,,PmAGqgU@gmail.com,PmAGqgU@gmail.com
pp74ytekor,"Si, deseo recibir el informe",,qhHAv0WQ@gmail.com,"No, no acepto que mis datos sean reutilizados",1,,qhHAv0WQ@gmail.com,0,0,0,1,,qhHAv0WQ@gmail.com,NA
pq7v2hw009,No deseo recibir el informe,NA,NA,"No, no acepto que mis datos sean reutilizados",0,NA,NA,0,2,2,0,NA,NA,NA
pruxnqgcbg,No deseo recibir el informe,NA,NA,"Si, acepto ser contactado en el futuro",0,NA,NA,1,2,2,0,NA,NA,NA
pwq2s8v657,No deseo recibir el informe,NA,NA,"Si, acepto ser contactado en el futuro",0,NA,NA,1,2,2,0,NA,NA,NA
q0vest97y2,No deseo recibir el informe,NA,NA,"No, no acepto que mis datos sean reutilizados",0,NA,NA,0,2,2,0,NA,NA,NA
q6ha3r44px,"Si, deseo recibir el informe",,yM301@gmail.com,"Si, acepto ser contactado en el futuro",1,,yM301@gmail.com,1,0,0,1,,yM301@gmail.com,yM301@gmail.com
qmhcr11zof,No deseo recibir el informe,NA,NA,"Si, acepto ser contactado en el futuro",0,NA,NA,1,2,2,0,NA,NA,NA
qn3v3he69v,No deseo recibir el informe,NA,NA,"Si, acepto ser contactado en el futuro",0,NA,NA,1,2,2,0,NA,NA,NA
qra8ncc4q5,"Si, deseo recibir el informe",,14OBO2veJ@gmail.com,"Si, acepto ser contactado en el futuro",1,,14OBO2veJ@gmail.com,1,0,0,1,,14OBO2veJ@gmail.com,14OBO2veJ@gmail.com
r1991ltgcs,No deseo recibir el informe,NA,NA,"Si, acepto ser contactado en el futuro",0,NA,NA,1,2,2,0,NA,NA,NA
r7jzy3ct3c,"Si, deseo recibir el informe",,BRxW0@gmail.com,"Si, acepto ser contactado en el futuro",1,,BRxW0@gmail.com,1,0,0,1,,BRxW0@gmail.com,BRxW0@gmail.com
ra287f6aca,No deseo recibir el informe,NA,NA,"No, no acepto que mis datos sean reutilizados",0,NA,NA,0,2,2,0,NA,NA,NA
rbkhuu3vwq,"Si, deseo recibir el informe",,xKUA2YHs@gmail.com,"Si, acepto ser contactado en el futuro",1,,xKUA2YHs@gmail.com,1,0,0,1,,xKUA2YHs@gmail.com,xKUA2YHs@gmail.com
rowh9jet2t,"Si, deseo recibir el informe",,74vAC1IcJt@gmail.com,"Si, acepto ser contactado en el futuro",1,,74vAC1IcJt@gmail.com,1,0,0,1,,74vAC1IcJt@gmail.com,74vAC1IcJt@gmail.com
rqq545wznb,No deseo recibir el informe,NA,NA,"No, no acepto que mis datos sean reutilizados",0,NA,NA,0,2,2,0,NA,NA,NA
rshpl3827a,No deseo recibir el informe,NA,NA,"No, no acepto que mis datos sean reutilizados",0,NA,NA,0,2,2,0,NA,NA,NA
rz2oaw3guc,No deseo recibir el informe,NA,NA,"Si, acepto ser contactado en el futuro",0,NA,NA,1,2,2,0,NA,NA,NA
rzjwbgjhcs,"Si, deseo recibir el informe",,dkogja@gmail.com,"Si, acepto ser contactado en el futuro",1,,dkogja@gmail.com,1,0,0,1,,dkogja@gmail.com,dkogja@gmail.com
s81pqwxoof,"Si, deseo recibir el informe",,VCFEZcmbN@gmail.com,"No, no acepto que mis datos sean reutilizados",1,,VCFEZcmbN@gmail.com,0,0,0,1,,VCFEZcmbN@gmail.com,NA
s95x85yw24,"Si, deseo recibir el informe",,PzcfQ6lXp@gmail.com,"Si, acepto ser contactado en el futuro",1,,PzcfQ6lXp@gmail.com,1,0,0,1,,PzcfQ6lXp@gmail.com,PzcfQ6lXp@gmail.com
sbpyt6j1ha,No deseo recibir el informe,NA,NA,"Si, acepto ser contactado en el futuro",0,NA,NA,1,2,2,0,NA,NA,NA
t55y13od5j,No deseo recibir el informe,NA,NA,"Si, acepto ser contactado en el futuro",0,NA,NA,1,2,2,0,NA,NA,NA
t70dnfpakz,"Si, deseo recibir el informe",,2uncno@gmail.com,"Si, acepto ser contactado en el futuro",1,,2uncno@gmail.com,1,0,0,1,,2uncno@gmail.com,2uncno@gmail.com
tg7qgqq1tj,No deseo recibir el informe,NA,NA,"No, no acepto que mis datos sean reutilizados",0,NA,NA,0,2,2,0,NA,NA,NA
tgn2znz5zz,No deseo recibir el informe,NA,NA,"No, no acepto que mis datos sean reutilizados",0,NA,NA,0,2,2,0,NA,NA,NA
tlemko8z97,No deseo recibir el informe,NA,NA,"Si, acepto ser contactado en el futuro",0,NA,NA,1,2,2,0,NA,NA,NA
ucn3bqr9on,"Si, deseo recibir el informe",,NU5Zffb@gmail.com,"No, no acepto que mis datos sean reutilizados",1,,NU5Zffb@gmail.com,0,0,0,1,,NU5Zffb@gmail.com,NA
ud2th5lzzu,No deseo recibir el informe,NA,NA,"No, no acepto que mis datos sean reutilizados",0,NA,NA,0,2,2,0,NA,NA,NA
v2avl317u0,"Si, deseo recibir el informe",,ZEPeWN@gmail.com,"No, no acepto que mis datos sean reutilizados",1,,ZEPeWN@gmail.com,0,0,0,1,,ZEPeWN@gmail.com,NA
vhy5bvt4fb,No deseo recibir el informe,NA,NA,"Si, acepto ser contactado en el futuro",0,NA,NA,1,2,2,0,NA,NA,NA
vlzy59ejug,"Si, deseo recibir el informe",,nqXFm9NaeC@gmail.com,"Si, acepto ser contactado en el futuro",1,,nqXFm9NaeC@gmail.com,1,0,0,1,,nqXFm9NaeC@gmail.com,nqXFm9NaeC@gmail.com
vozlqe851u,"Si, deseo recibir el informe",,6wm3l@gmail.com,"No, no acepto que mis datos sean reutilizados",1,,6wm3l@gmail.com,0,0,0,1,,6wm3l@gmail.com,NA
vqdlvnygor,"Si, deseo recibir el informe",,8sebQOy@gmail.com,"Si, acepto ser contactado en el futuro",1,,8sebQOy@gmail.com,1,0,0,1,,8sebQOy@gmail.com,8sebQOy@gmail.com
vro0gvd7yj,No deseo recibir el informe,NA,NA,"Si, acepto ser contactado en el futuro",0,NA,NA,1,2,2,0,NA,NA,NA
vtrywu4nrg,No deseo recibir el informe,NA,NA,"Si, acepto ser contactado en el futuro",0,NA,NA,1,2,2,0,NA,NA,NA
vtykzq1kqu,"Si, deseo recibir el informe",,F9CIaJ@gmail.com,"No, no acepto que mis datos sean reutilizados",1,,F9CIaJ@gmail.com,0,0,0,1,,F9CIaJ@gmail.com,NA
w5xlp96oau,No deseo recibir el informe,NA,NA,"Si, acepto ser contactado en el futuro",0,NA,NA,1,2,2,0,NA,NA,NA
wju0eu0xqf,"Si, deseo recibir el informe",,EZUKDQBYqG@gmail.com,"No, no acepto que mis datos sean reutilizados",1,,EZUKDQBYqG@gmail.com,0,0,0,1,,EZUKDQBYqG@gmail.com,NA
wk2t8qcg3w,No deseo recibir el informe,NA,NA,"No, no acepto que mis datos sean reutilizados",0,NA,NA,0,2,2,0,NA,NA,NA
wk4xr8wsuk,No deseo recibir el informe,NA,NA,"Si, acepto ser contactado en el futuro",0,NA,NA,1,2,2,0,NA,NA,NA
wo5p37bj82,"Si, deseo recibir el informe",,pvaq5B@gmail.com,"Si, acepto ser contactado en el futuro",1,,pvaq5B@gmail.com,1,0,0,1,,pvaq5B@gmail.com,pvaq5B@gmail.com
wtw44m4z52,"Si, deseo recibir el informe",,R1cJ2@gmail.com,"Si, acepto ser contactado en el futuro",1,,R1cJ2@gmail.com,1,0,0,1,,R1cJ2@gmail.com,R1cJ2@gmail.com
wz66hmqsly,No deseo recibir el informe,NA,NA,"Si, acepto ser contactado en el futuro",0,NA,NA,1,2,2,0,NA,NA,NA
xc9bj6hzc0,"Si, deseo recibir el informe",,8aLtaH07K6@gmail.com,"No, no acepto que mis datos sean reutilizados",1,,8aLtaH07K6@gmail.com,0,0,0,1,,8aLtaH07K6@gmail.com,NA
xffngnrzht,"Si, deseo recibir el informe",,aW0X6fw53@gmail.com,"No, no acepto que mis datos sean reutilizados",1,,aW0X6fw53@gmail.com,0,0,0,1,,aW0X6fw53@gmail.com,NA
xh39sayova,No deseo recibir el informe,NA,NA,"No, no acepto que mis datos sean reutilizados",0,NA,NA,0,2,2,0,NA,NA,NA
xmgtt4u6dz,"Si, deseo recibir el informe",,VsoNe@gmail.com,"No, no acepto que mis datos sean reutilizados",1,,VsoNe@gmail.com,0,0,0,1,,VsoNe@gmail.com,NA
xpg1oybll7,"Si, deseo recibir el informe",,oRxHgng7@gmail.com,"No, no acepto que mis datos sean reutilizados",1,,oRxHgng7@gmail.com,0,0,0,1,,oRxHgng7@gmail.com,NA
xyt9zsqdgv,"Si, deseo recibir el informe",,PeIcgB6@gmail.com,"No, no acepto que mis datos sean reutilizados",1,,PeIcgB6@gmail.com,0,0,0,1,,PeIcgB6@gmail.com,NA
y1hqhpozbj,No deseo recibir el informe,NA,NA,"Si, acepto ser contactado en el futuro",0,NA,NA,1,2,2,0,NA,NA,NA
y6pb1xwr9o,"Si, deseo recibir el informe",,LxlIKBM7@gmail.com,"Si, acepto ser contactado en el futuro",1,,LxlIKBM7@gmail.com,1,0,0,1,,LxlIKBM7@gmail.com,LxlIKBM7@gmail.com
y7sdbrr5ce,No deseo recibir el informe,NA,NA,"No, no acepto que mis datos sean reutilizados",0,NA,NA,0,2,2,0,NA,NA,NA
ygjy0r3n2d,No deseo recibir el informe,NA,NA,"No, no acepto que mis datos sean reutilizados",0,NA,NA,0,2,2,0,NA,NA,NA
yk9l51x5a4,"Si, deseo recibir el informe",,0in2LymuEV@gmail.com,"Si, acepto ser contactado en el futuro",1,,0in2LymuEV@gmail.com,1,0,0,1,,0in2LymuEV@gmail.com,0in2LymuEV@gmail.com
z8wzbqn0pn,No deseo recibir el informe,NA,NA,"No, no acepto que mis datos sean reutilizados",0,NA,NA,0,2,2,0,NA,NA,NA
zcp64btqg5,"Si, deseo recibir el informe",,QVeArSV@gmail.com,"Si, acepto ser contactado en el futuro",1,,QVeArSV@gmail.com,1,0,0,1,,QVeArSV@gmail.com,QVeArSV@gmail.com
